Age,Equal_Width,Equal_Frequency
78.7515,Bin_4,Bin_4
83.8001,Bin_4,Bin_4
68.1807,Bin_3,Bin_2
70.8802,Bin_3,Bin_3
80.4819,Bin_4,Bin_4
73.8864,Bin_3,Bin_3
81.5288,Bin_4,Bin_4
71.666,Bin_3,Bin_3
56.1342,Bin_2,Bin_1
71.0554,Bin_3,Bin_3
64.3313,Bin_3,Bin_2
71.2553,Bin_3,Bin_3
65.3635,Bin_3,Bin_2
66.7707,Bin_3,Bin_2
71.7235,Bin_3,Bin_3
79.1129,Bin_4,Bin_4
73.9001,Bin_3,Bin_3
82.9925,Bin_4,Bin_4
74.82,Bin_3,Bin_3
76.9692,Bin_3,Bin_4
54.6475,Bin_2,Bin_1
78.601,Bin_4,Bin_4
53.7221,Bin_2,Bin_1
75.7782,Bin_3,Bin_3
68.1314,Bin_3,Bin_2
70.3518,Bin_3,Bin_3
70.1684,Bin_3,Bin_3
78.6776,Bin_4,Bin_4
68.9966,Bin_3,Bin_3
62.4476,Bin_2,Bin_2
71.7153,Bin_3,Bin_3
75.6934,Bin_3,Bin_3
70.601,Bin_3,Bin_3
55.4305,Bin_2,Bin_1
82.4066,Bin_4,Bin_4
54.0068,Bin_2,Bin_1
74.7543,Bin_3,Bin_3
52.2491,Bin_2,Bin_1
71.4168,Bin_3,Bin_3
58.6274,Bin_2,Bin_1
74.6092,Bin_3,Bin_3
72.0684,Bin_3,Bin_3
74.0561,Bin_3,Bin_3
50.1958,Bin_2,Bin_1
72.6982,Bin_3,Bin_3
80.2245,Bin_4,Bin_4
46.5024,Bin_1,Bin_1
64.8378,Bin_3,Bin_2
80.7228,Bin_4,Bin_4
53.5743,Bin_2,Bin_1
51.6906,Bin_2,Bin_1
62.2313,Bin_2,Bin_2
78.7105,Bin_4,Bin_4
79.2197,Bin_4,Bin_4
59.2334,Bin_2,Bin_1
,,
74.9076,Bin_3,Bin_3
82.2779,Bin_4,Bin_4
49.2594,Bin_2,Bin_1
83.5154,Bin_4,Bin_4
62.1218,Bin_2,Bin_2
52.7118,Bin_2,Bin_1
72.3477,Bin_3,Bin_3
78.7789,Bin_4,Bin_4
76.3395,Bin_3,Bin_4
64.1615,Bin_3,Bin_2
75.9671,Bin_3,Bin_4
79.2827,Bin_4,Bin_4
56.8214,Bin_2,Bin_1
79.6632,Bin_4,Bin_4
64.846,Bin_3,Bin_2
71.4743,Bin_3,Bin_3
60.6872,Bin_2,Bin_1
55.6934,Bin_2,Bin_1
54.7242,Bin_2,Bin_1
70.2177,Bin_3,Bin_3
76.794,Bin_3,Bin_4
87.1266,Bin_4,Bin_4
68.7912,Bin_3,Bin_3
66.3409,Bin_3,Bin_2
62.141,Bin_2,Bin_2
73.4209,Bin_3,Bin_3
65.6345,Bin_3,Bin_2
61.7769,Bin_2,Bin_2
53.6591,Bin_2,Bin_1
62.5955,Bin_2,Bin_2
72.7748,Bin_3,Bin_3
65.3963,Bin_3,Bin_2
63.3183,Bin_3,Bin_2
60.2793,Bin_2,Bin_1
76.397,Bin_3,Bin_4
64.9555,Bin_3,Bin_2
49.3443,Bin_2,Bin_1
78.7105,Bin_4,Bin_4
60.7036,Bin_2,Bin_1
85.6263,Bin_4,Bin_4
75.4935,Bin_3,Bin_3
86.141,Bin_4,Bin_4
87.0308,Bin_4,Bin_4
67.3785,Bin_3,Bin_2
62.4011,Bin_2,Bin_2
66.8665,Bin_3,Bin_2
59.2936,Bin_2,Bin_1
84.5722,Bin_4,Bin_4
70.4723,Bin_3,Bin_3
43.384,Bin_1,Bin_1
74.4504,Bin_3,Bin_3
58.6256,Bin_2,Bin_1
77.5441,Bin_4,Bin_4
61.64,Bin_2,Bin_2
69.3525,Bin_3,Bin_3
71.8439,Bin_3,Bin_3
83.499,Bin_4,Bin_4
79.6906,Bin_4,Bin_4
68.961,Bin_3,Bin_3
60.7283,Bin_2,Bin_1
70.5106,Bin_3,Bin_3
82.5298,Bin_4,Bin_4
56.5969,Bin_2,Bin_1
64.6188,Bin_3,Bin_2
65.0979,Bin_3,Bin_2
61.2485,Bin_2,Bin_2
77.5989,Bin_4,Bin_4
79.039,Bin_4,Bin_4
64.5722,Bin_3,Bin_2
68.2601,Bin_3,Bin_2
52.7748,Bin_2,Bin_1
64.5859,Bin_3,Bin_2
70.7762,Bin_3,Bin_3
59.7919,Bin_2,Bin_1
71.1376,Bin_3,Bin_3
60.4709,Bin_2,Bin_1
75.2663,Bin_3,Bin_3
67.5866,Bin_3,Bin_2
57.063,Bin_2,Bin_1
79.4333,Bin_4,Bin_4
74.6064,Bin_3,Bin_3
54.9952,Bin_2,Bin_1
80.7036,Bin_4,Bin_4
73.2047,Bin_3,Bin_3
81.0787,Bin_4,Bin_4
69.8946,Bin_3,Bin_3
49.0404,Bin_2,Bin_1
53.525,Bin_2,Bin_1
85.4949,Bin_4,Bin_4
67.4771,Bin_3,Bin_2
64.7255,Bin_3,Bin_2
73.9877,Bin_3,Bin_3
,,
64.0137,Bin_3,Bin_2
72.9199,Bin_3,Bin_3
82.4093,Bin_4,Bin_4
78.0589,Bin_4,Bin_4
67.2745,Bin_3,Bin_2
51.1595,Bin_2,Bin_1
74.0808,Bin_3,Bin_3
57.295,Bin_2,Bin_1
43.2827,Bin_1,Bin_1
79.6523,Bin_4,Bin_4
76.4928,Bin_3,Bin_4
65.1143,Bin_3,Bin_2
76.1561,Bin_3,Bin_4
64.5859,Bin_3,Bin_2
66.1875,Bin_3,Bin_2
48.627,Bin_2,Bin_1
61.0924,Bin_2,Bin_1
74.9295,Bin_3,Bin_3
75.1075,Bin_3,Bin_3
69.1828,Bin_3,Bin_3
59.4853,Bin_2,Bin_1
85.4511,Bin_4,Bin_4
47.989,Bin_1,Bin_1
58.3518,Bin_2,Bin_1
,,
80.1999,Bin_4,Bin_4
77.4949,Bin_4,Bin_4
65.0212,Bin_3,Bin_2
61.1937,Bin_2,Bin_1
79.0965,Bin_4,Bin_4
59.3566,Bin_2,Bin_1
70.7077,Bin_3,Bin_3
42.5133,Bin_1,Bin_1
61.7084,Bin_2,Bin_2
74.5654,Bin_3,Bin_3
69.6701,Bin_3,Bin_3
67.4661,Bin_3,Bin_2
58.809,Bin_2,Bin_1
62.6639,Bin_2,Bin_2
64.1916,Bin_3,Bin_2
81.2594,Bin_4,Bin_4
70.1602,Bin_3,Bin_3
76.7201,Bin_3,Bin_4
66.9733,Bin_3,Bin_2
61.5852,Bin_2,Bin_2
63.8713,Bin_3,Bin_2
85.1116,Bin_4,Bin_4
60.0383,Bin_2,Bin_1
69.8727,Bin_3,Bin_3
58.1656,Bin_2,Bin_1
66.8337,Bin_3,Bin_2
76.4216,Bin_3,Bin_4
69.674,Bin_3,Bin_3
79.8877,Bin_4,Bin_4
76.4846,Bin_3,Bin_4
76.7283,Bin_3,Bin_4
66.9158,Bin_3,Bin_2
91.7043,Bin_4,Bin_4
64.7584,Bin_3,Bin_2
83.4004,Bin_4,Bin_4
82.5791,Bin_4,Bin_4
54.694,Bin_2,Bin_1
78.9021,Bin_4,Bin_4
57.2402,Bin_2,Bin_1
68.1068,Bin_3,Bin_2
81.7084,Bin_4,Bin_4
74.7433,Bin_3,Bin_3
63.4689,Bin_3,Bin_2
79.102,Bin_4,Bin_4
55.9151,Bin_2,Bin_1
59.4141,Bin_2,Bin_1
63.1567,Bin_3,Bin_2
78.7488,Bin_4,Bin_4
71.9425,Bin_3,Bin_3
71.6578,Bin_3,Bin_3
85.7221,Bin_4,Bin_4
54.8556,Bin_2,Bin_1
69.1034,Bin_3,Bin_3
46.3409,Bin_1,Bin_1
56.8241,Bin_2,Bin_1
75.2088,Bin_3,Bin_3
70.2368,Bin_3,Bin_3
73.2868,Bin_3,Bin_3
53.0842,Bin_2,Bin_1
64.7283,Bin_3,Bin_2
50.1958,Bin_2,Bin_1
73.0897,Bin_3,Bin_3
58.1985,Bin_2,Bin_1
70.7433,Bin_3,Bin_3
45.7276,Bin_1,Bin_1
65.117,Bin_3,Bin_2
,,
45.0787,Bin_1,Bin_1
75.9233,Bin_3,Bin_4
53.2293,Bin_2,Bin_1
68.0931,Bin_3,Bin_2
48.3532,Bin_2,Bin_1
62.9185,Bin_3,Bin_2
64.8214,Bin_3,Bin_2
,,
65.7851,Bin_3,Bin_2
53.4593,Bin_2,Bin_1
80.9637,Bin_4,Bin_4
68.4736,Bin_3,Bin_2
71.6988,Bin_3,Bin_3
73.8658,Bin_3,Bin_3
53.0842,Bin_2,Bin_1
77.2567,Bin_4,Bin_4
78.6886,Bin_4,Bin_4
59.8549,Bin_2,Bin_1
68.4356,Bin_3,Bin_2
56.9391,Bin_2,Bin_1
60.6959,Bin_2,Bin_1
59.4223,Bin_2,Bin_1
66.0452,Bin_3,Bin_2
67.9644,Bin_3,Bin_2
81.5524,Bin_4,Bin_4
63.3977,Bin_3,Bin_2
64.1697,Bin_3,Bin_2
73.0595,Bin_3,Bin_3
,,
77.399,Bin_4,Bin_4
60.1396,Bin_2,Bin_1
77.8836,Bin_4,Bin_4
72.783,Bin_3,Bin_3
,,
63.1923,Bin_3,Bin_2
62.5654,Bin_2,Bin_2
76.5452,Bin_3,Bin_4
62.8528,Bin_3,Bin_2
49.3415,Bin_2,Bin_1
59.0329,Bin_2,Bin_1
68.7474,Bin_3,Bin_3
61.7194,Bin_2,Bin_2
61.4593,Bin_2,Bin_2
63.5318,Bin_3,Bin_2
78.9213,Bin_4,Bin_4
,,
62.2505,Bin_2,Bin_2
52.8569,Bin_2,Bin_1
60.0986,Bin_2,Bin_1
65.4839,Bin_3,Bin_2
66.2149,Bin_3,Bin_2
59.9808,Bin_2,Bin_1
59.8439,Bin_2,Bin_1
61.6947,Bin_2,Bin_2
72.2026,Bin_3,Bin_3
71.2936,Bin_3,Bin_3
53.0513,Bin_2,Bin_1
,,
64.5859,Bin_3,Bin_2
81.9192,Bin_4,Bin_4
67.4059,Bin_3,Bin_2
,,
55.447,Bin_2,Bin_1
,,
49.5113,Bin_2,Bin_1
,,
,,
,,
44.397,Bin_1,Bin_1
70.0151,Bin_3,Bin_3
65.5058,Bin_3,Bin_2
67.0363,Bin_3,Bin_2
76.8296,Bin_3,Bin_4
,,
69.963,Bin_3,Bin_3
72.8761,Bin_3,Bin_3
63.7454,Bin_3,Bin_2
72.961,Bin_3,Bin_3
66.1191,Bin_3,Bin_2
69.41,Bin_3,Bin_3
72.4408,Bin_3,Bin_3
78.9049,Bin_4,Bin_4
76.7721,Bin_3,Bin_4
76.293,Bin_3,Bin_4
83.989,Bin_4,Bin_4
54.7351,Bin_2,Bin_1
,,
64.0247,Bin_3,Bin_2
72.345,Bin_3,Bin_3
69.8645,Bin_3,Bin_3
,,
63.6988,Bin_3,Bin_2
68.0164,Bin_3,Bin_2
77.5606,Bin_4,Bin_4
69.3443,Bin_3,Bin_3
65.2895,Bin_3,Bin_2
74.4203,Bin_3,Bin_3
,,
83.6824,Bin_4,Bin_4
,,
74.1437,Bin_3,Bin_3
74.8118,Bin_3,Bin_3
67.7837,Bin_3,Bin_2
66.0534,Bin_3,Bin_2
52.5777,Bin_2,Bin_1
51.6331,Bin_2,Bin_1
62.4641,Bin_2,Bin_2
,,
77.4018,Bin_4,Bin_4
52.6434,Bin_2,Bin_1
71.1513,Bin_3,Bin_3
78.308,Bin_4,Bin_4
,,
71.4493,Bin_3,Bin_3
54.8904,Bin_2,Bin_1
50.2247,Bin_2,Bin_1
60.1945,Bin_2,Bin_1
66.7205,Bin_3,Bin_2
75.4329,Bin_3,Bin_3
88.2658,Bin_4,Bin_4
75.4466,Bin_3,Bin_3
68.3178,Bin_3,Bin_2
51.0767,Bin_2,Bin_1
80.326,Bin_4,Bin_4
79.726,Bin_4,Bin_4
66.589,Bin_3,Bin_2
75.589,Bin_3,Bin_3
54.3616,Bin_2,Bin_1
48.1753,Bin_1,Bin_1
76.5781,Bin_3,Bin_4
77.0986,Bin_3,Bin_4
57.9123,Bin_2,Bin_1
78.2274,Bin_4,Bin_4
60.1589,Bin_2,Bin_1
83.589,Bin_4,Bin_4
61.7945,Bin_2,Bin_2
70.5397,Bin_3,Bin_3
67.2164,Bin_3,Bin_2
72.8877,Bin_3,Bin_3
83.0548,Bin_4,Bin_4
57.5288,Bin_2,Bin_1
67.2822,Bin_3,Bin_2
88.3863,Bin_4,Bin_4
,,
33.6849,Bin_1,Bin_1
88.3479,Bin_4,Bin_4
77.1808,Bin_3,Bin_4
78.3425,Bin_4,Bin_4
71.2904,Bin_3,Bin_3
60.0822,Bin_2,Bin_1
85.6055,Bin_4,Bin_4
72.2849,Bin_3,Bin_3
72.2219,Bin_3,Bin_3
78.4164,Bin_4,Bin_4
59.1616,Bin_2,Bin_1
66.674,Bin_3,Bin_2
79.7014,Bin_4,Bin_4
77.7973,Bin_4,Bin_4
67.7288,Bin_3,Bin_2
58.274,Bin_2,Bin_1
68.6932,Bin_3,Bin_3
57.1096,Bin_2,Bin_1
74.2356,Bin_3,Bin_3
68.7342,Bin_3,Bin_3
82.1534,Bin_4,Bin_4
73.2877,Bin_3,Bin_3
73.1726,Bin_3,Bin_3
71.7096,Bin_3,Bin_3
72.7616,Bin_3,Bin_3
61.8932,Bin_2,Bin_2
67.2247,Bin_3,Bin_2
60.5315,Bin_2,Bin_1
50.8274,Bin_2,Bin_1
79.8712,Bin_4,Bin_4
69.9918,Bin_3,Bin_3
65.5616,Bin_3,Bin_2
53.6712,Bin_2,Bin_1
66.5096,Bin_3,Bin_2
73.3808,Bin_3,Bin_3
61.7041,Bin_2,Bin_2
68.126,Bin_3,Bin_2
