mean_fit_time,std_fit_time,mean_score_time,std_score_time,param_criterion,param_max_depth,param_min_samples_leaf,param_min_samples_split,params,split0_test_score,split1_test_score,split2_test_score,split3_test_score,split4_test_score,mean_test_score,std_test_score,rank_test_score
0.053057527542114256,0.00040500911758629325,0.004221343994140625,2.9203930585463077e-05,gini,2,1,2,"{'criterion': 'gini', 'max_depth': 2, 'min_samples_leaf': 1, 'min_samples_split': 2}",0.8823529411764706,0.8823529411764706,0.8955223880597015,0.8805970149253731,0.8805970149253731,0.8842844600526778,0.0056735713508001984,1
0.03366785049438477,0.024220929884322416,0.003726625442504883,0.0006321098692011366,gini,2,1,5,"{'criterion': 'gini', 'max_depth': 2, 'min_samples_leaf': 1, 'min_samples_split': 5}",0.8823529411764706,0.8823529411764706,0.8955223880597015,0.8805970149253731,0.8805970149253731,0.8842844600526778,0.0056735713508001984,1
0.0029714107513427734,0.0005347345736424925,0.0026072025299072265,0.00043467792720715785,gini,2,2,2,"{'criterion': 'gini', 'max_depth': 2, 'min_samples_leaf': 2, 'min_samples_split': 2}",0.8823529411764706,0.8823529411764706,0.8955223880597015,0.8805970149253731,0.8805970149253731,0.8842844600526778,0.0056735713508001984,1
0.0030095577239990234,0.0007553285568794589,0.002414369583129883,0.0004902147265718116,gini,2,2,5,"{'criterion': 'gini', 'max_depth': 2, 'min_samples_leaf': 2, 'min_samples_split': 5}",0.8823529411764706,0.8823529411764706,0.8955223880597015,0.8805970149253731,0.8805970149253731,0.8842844600526778,0.0056735713508001984,1
0.0026108264923095704,0.00039798340379082443,0.0021190643310546875,0.0004978419257948059,gini,2,1,10,"{'criterion': 'gini', 'max_depth': 2, 'min_samples_leaf': 1, 'min_samples_split': 10}",0.8676470588235294,0.8823529411764706,0.8955223880597015,0.8805970149253731,0.8805970149253731,0.8813432835820896,0.008840439114635843,5
0.0026999950408935548,0.00036906202928848345,0.0024232864379882812,0.000445045916802141,gini,2,2,10,"{'criterion': 'gini', 'max_depth': 2, 'min_samples_leaf': 2, 'min_samples_split': 10}",0.8676470588235294,0.8823529411764706,0.8955223880597015,0.8805970149253731,0.8805970149253731,0.8813432835820896,0.008840439114635843,5
0.0038269519805908202,6.899977025439155e-05,0.0034462451934814454,0.00014633149623344716,entropy,2,1,5,"{'criterion': 'entropy', 'max_depth': 2, 'min_samples_leaf': 1, 'min_samples_split': 5}",0.8823529411764706,0.8823529411764706,0.8805970149253731,0.8805970149253731,0.8805970149253731,0.8812993854258121,0.0008602246682293793,7
0.0040706157684326175,0.0002811302077895334,0.0040457725524902345,0.0010141339834718603,entropy,2,1,2,"{'criterion': 'entropy', 'max_depth': 2, 'min_samples_leaf': 1, 'min_samples_split': 2}",0.8823529411764706,0.8823529411764706,0.8805970149253731,0.8805970149253731,0.8805970149253731,0.8812993854258121,0.0008602246682293793,7
0.0038829326629638674,0.0003041227022837889,0.003512144088745117,0.0005549589121413934,entropy,2,2,5,"{'criterion': 'entropy', 'max_depth': 2, 'min_samples_leaf': 2, 'min_samples_split': 5}",0.8823529411764706,0.8823529411764706,0.8805970149253731,0.8805970149253731,0.8805970149253731,0.8812993854258121,0.0008602246682293793,7
0.003818702697753906,0.00023872776963810178,0.003432559967041016,0.0002471108636983803,entropy,2,2,10,"{'criterion': 'entropy', 'max_depth': 2, 'min_samples_leaf': 2, 'min_samples_split': 10}",0.8823529411764706,0.8823529411764706,0.8805970149253731,0.8805970149253731,0.8805970149253731,0.8812993854258121,0.0008602246682293793,7
0.004461526870727539,0.0007980783787439464,0.0037494659423828124,0.0003887447971471476,entropy,2,2,2,"{'criterion': 'entropy', 'max_depth': 2, 'min_samples_leaf': 2, 'min_samples_split': 2}",0.8823529411764706,0.8823529411764706,0.8805970149253731,0.8805970149253731,0.8805970149253731,0.8812993854258121,0.0008602246682293793,7
0.0041007518768310545,0.00042097844440359386,0.003540658950805664,0.0003177455344743168,entropy,2,1,10,"{'criterion': 'entropy', 'max_depth': 2, 'min_samples_leaf': 1, 'min_samples_split': 10}",0.8823529411764706,0.8823529411764706,0.8805970149253731,0.8805970149253731,0.8805970149253731,0.8812993854258121,0.0008602246682293793,7
0.003819561004638672,0.0006636865930305487,0.0033466339111328123,0.0003256292080468415,gini,3,2,5,"{'criterion': 'gini', 'max_depth': 3, 'min_samples_leaf': 2, 'min_samples_split': 5}",0.8823529411764706,0.8823529411764706,0.8805970149253731,0.8805970149253731,0.8656716417910447,0.8783143107989465,0.006369923493315923,13
0.0038501262664794923,0.0002191562254106519,0.0033266544342041016,0.00023051735538267575,gini,3,2,2,"{'criterion': 'gini', 'max_depth': 3, 'min_samples_leaf': 2, 'min_samples_split': 2}",0.8823529411764706,0.8823529411764706,0.8805970149253731,0.8805970149253731,0.8656716417910447,0.8783143107989465,0.006369923493315923,13
0.003370380401611328,0.0005273798620036427,0.0028249740600585936,0.0002215781465883013,gini,3,1,5,"{'criterion': 'gini', 'max_depth': 3, 'min_samples_leaf': 1, 'min_samples_split': 5}",0.8823529411764706,0.8823529411764706,0.8805970149253731,0.8805970149253731,0.8656716417910447,0.8783143107989465,0.006369923493315923,13
0.003297281265258789,0.0004861222205006381,0.002559471130371094,0.0007319015061297181,gini,3,1,2,"{'criterion': 'gini', 'max_depth': 3, 'min_samples_leaf': 1, 'min_samples_split': 2}",0.8823529411764706,0.8823529411764706,0.8805970149253731,0.8805970149253731,0.8656716417910447,0.8783143107989465,0.006369923493315923,13
0.003001832962036133,0.0005855379078511664,0.002311038970947266,0.00047506978565137095,gini,2,4,5,"{'criterion': 'gini', 'max_depth': 2, 'min_samples_leaf': 4, 'min_samples_split': 5}",0.8823529411764706,0.8823529411764706,0.8955223880597015,0.8507462686567164,0.8805970149253731,0.8783143107989464,0.014791529193083538,17
0.0030455589294433594,0.00033832754003761866,0.0022632598876953123,0.0004778132795059678,gini,2,4,2,"{'criterion': 'gini', 'max_depth': 2, 'min_samples_leaf': 4, 'min_samples_split': 2}",0.8823529411764706,0.8823529411764706,0.8955223880597015,0.8507462686567164,0.8805970149253731,0.8783143107989464,0.014791529193083538,17
0.0035655975341796877,0.0005315240384951508,0.0031038761138916016,0.0003466118971163363,gini,3,2,10,"{'criterion': 'gini', 'max_depth': 3, 'min_samples_leaf': 2, 'min_samples_split': 10}",0.8676470588235294,0.8823529411764706,0.8805970149253731,0.8805970149253731,0.8656716417910447,0.8753731343283583,0.007170868298589207,19
0.0038424968719482423,0.00014273852520557378,0.002932167053222656,0.00043536046240933075,gini,3,1,10,"{'criterion': 'gini', 'max_depth': 3, 'min_samples_leaf': 1, 'min_samples_split': 10}",0.8676470588235294,0.8823529411764706,0.8805970149253731,0.8805970149253731,0.8656716417910447,0.8753731343283583,0.007170868298589207,19
0.008541154861450195,0.004915610945183177,0.003983783721923828,0.000693439171242177,entropy,2,4,2,"{'criterion': 'entropy', 'max_depth': 2, 'min_samples_leaf': 4, 'min_samples_split': 2}",0.8676470588235294,0.8823529411764706,0.8955223880597015,0.8507462686567164,0.8805970149253731,0.8753731343283582,0.01515370458715809,21
0.0042377948760986325,0.0004672164646956538,0.006240367889404297,0.0030624623054525844,entropy,2,4,5,"{'criterion': 'entropy', 'max_depth': 2, 'min_samples_leaf': 4, 'min_samples_split': 5}",0.8676470588235294,0.8823529411764706,0.8955223880597015,0.8507462686567164,0.8805970149253731,0.8753731343283582,0.01515370458715809,21
0.003908109664916992,0.0005902853908189827,0.0029461860656738283,0.00029982872129666164,gini,2,4,10,"{'criterion': 'gini', 'max_depth': 2, 'min_samples_leaf': 4, 'min_samples_split': 10}",0.8676470588235294,0.8823529411764706,0.8955223880597015,0.8507462686567164,0.8805970149253731,0.8753731343283582,0.01515370458715809,21
0.00608530044555664,0.0026031136379279503,0.00374751091003418,0.00017640141955609648,entropy,2,4,10,"{'criterion': 'entropy', 'max_depth': 2, 'min_samples_leaf': 4, 'min_samples_split': 10}",0.8676470588235294,0.8823529411764706,0.8955223880597015,0.8507462686567164,0.8805970149253731,0.8753731343283582,0.01515370458715809,21
0.003658628463745117,0.0006625346214111827,0.0030203819274902343,0.0003411800223108182,gini,3,4,5,"{'criterion': 'gini', 'max_depth': 3, 'min_samples_leaf': 4, 'min_samples_split': 5}",0.8823529411764706,0.8823529411764706,0.8955223880597015,0.8507462686567164,0.8656716417910447,0.8753292361720808,0.015517858539270034,25
0.0048677921295166016,0.00081270857044362,0.003638601303100586,0.00021173302046904917,entropy,4,1,2,"{'criterion': 'entropy', 'max_depth': 4, 'min_samples_leaf': 1, 'min_samples_split': 2}",0.8823529411764706,0.8823529411764706,0.8805970149253731,0.8805970149253731,0.8507462686567164,0.8753292361720808,0.01231654287392461,25
0.004699897766113281,0.001367271241628664,0.0043068408966064455,0.001355910916423958,entropy,4,1,5,"{'criterion': 'entropy', 'max_depth': 4, 'min_samples_leaf': 1, 'min_samples_split': 5}",0.8823529411764706,0.8823529411764706,0.8805970149253731,0.8805970149253731,0.8507462686567164,0.8753292361720808,0.01231654287392461,25
0.004098367691040039,0.0002763954576770744,0.0032453060150146483,0.00024097070408782054,gini,3,4,2,"{'criterion': 'gini', 'max_depth': 3, 'min_samples_leaf': 4, 'min_samples_split': 2}",0.8823529411764706,0.8823529411764706,0.8955223880597015,0.8507462686567164,0.8656716417910447,0.8753292361720808,0.015517858539270034,25
0.004615497589111328,0.0012040992970862971,0.004831171035766602,0.0008763253772934901,entropy,3,2,5,"{'criterion': 'entropy', 'max_depth': 3, 'min_samples_leaf': 2, 'min_samples_split': 5}",0.8676470588235294,0.8823529411764706,0.8805970149253731,0.8805970149253731,0.8507462686567164,0.8723880597014926,0.012040904978416788,29
0.0038825035095214843,9.301534734357571e-05,0.005680990219116211,0.002878803369477051,entropy,3,2,2,"{'criterion': 'entropy', 'max_depth': 3, 'min_samples_leaf': 2, 'min_samples_split': 2}",0.8676470588235294,0.8823529411764706,0.8805970149253731,0.8805970149253731,0.8507462686567164,0.8723880597014926,0.012040904978416788,29
0.0042724609375,0.0004635792115971525,0.0035616874694824217,0.0002577350670744913,entropy,3,1,5,"{'criterion': 'entropy', 'max_depth': 3, 'min_samples_leaf': 1, 'min_samples_split': 5}",0.8676470588235294,0.8823529411764706,0.8805970149253731,0.8805970149253731,0.8507462686567164,0.8723880597014926,0.012040904978416788,29
0.004111099243164063,0.0002666463582453344,0.0033442020416259766,7.060002075978302e-05,entropy,3,1,2,"{'criterion': 'entropy', 'max_depth': 3, 'min_samples_leaf': 1, 'min_samples_split': 2}",0.8676470588235294,0.8823529411764706,0.8805970149253731,0.8805970149253731,0.8507462686567164,0.8723880597014926,0.012040904978416788,29
0.0040357112884521484,0.0002481156985941993,0.0032777309417724608,0.00019173606122135212,entropy,3,1,10,"{'criterion': 'entropy', 'max_depth': 3, 'min_samples_leaf': 1, 'min_samples_split': 10}",0.8676470588235294,0.8823529411764706,0.8805970149253731,0.8805970149253731,0.8507462686567164,0.8723880597014926,0.012040904978416788,29
0.0031919002532958983,0.0007312133468183906,0.0026407241821289062,0.0004181501651416407,gini,3,4,10,"{'criterion': 'gini', 'max_depth': 3, 'min_samples_leaf': 4, 'min_samples_split': 10}",0.8676470588235294,0.8823529411764706,0.8955223880597015,0.8507462686567164,0.8656716417910447,0.8723880597014926,0.015300003201922378,29
0.004660844802856445,0.0006565801973254713,0.005597162246704102,0.004286626511191965,entropy,4,1,10,"{'criterion': 'entropy', 'max_depth': 4, 'min_samples_leaf': 1, 'min_samples_split': 10}",0.8676470588235294,0.8823529411764706,0.8805970149253731,0.8805970149253731,0.8507462686567164,0.8723880597014926,0.012040904978416788,29
0.004307460784912109,0.0003688086635087501,0.005125904083251953,0.002862968365945411,entropy,3,2,10,"{'criterion': 'entropy', 'max_depth': 3, 'min_samples_leaf': 2, 'min_samples_split': 10}",0.8676470588235294,0.8823529411764706,0.8805970149253731,0.8805970149253731,0.8507462686567164,0.8723880597014926,0.012040904978416788,29
0.004617166519165039,0.0010246635120608847,0.0038653850555419923,0.0005695091498787822,entropy,4,2,10,"{'criterion': 'entropy', 'max_depth': 4, 'min_samples_leaf': 2, 'min_samples_split': 10}",0.8676470588235294,0.8823529411764706,0.8805970149253731,0.8805970149253731,0.8507462686567164,0.8723880597014926,0.012040904978416788,29
0.00399017333984375,8.500242611909613e-05,0.0033247947692871095,0.00010756566978932808,entropy,3,4,2,"{'criterion': 'entropy', 'max_depth': 3, 'min_samples_leaf': 4, 'min_samples_split': 2}",0.8823529411764706,0.8823529411764706,0.8955223880597015,0.8507462686567164,0.8507462686567164,0.8723441615452151,0.01827850911982174,38
0.003842592239379883,8.928627769251743e-05,0.0031683921813964845,0.00013179121746339058,gini,4,2,5,"{'criterion': 'gini', 'max_depth': 4, 'min_samples_leaf': 2, 'min_samples_split': 5}",0.8823529411764706,0.8823529411764706,0.8805970149253731,0.8805970149253731,0.835820895522388,0.8723441615452151,0.018278509119821748,38
0.004046249389648438,0.00028627110110733566,0.0033502578735351562,0.00010314231328252435,entropy,3,4,5,"{'criterion': 'entropy', 'max_depth': 3, 'min_samples_leaf': 4, 'min_samples_split': 5}",0.8823529411764706,0.8823529411764706,0.8955223880597015,0.8507462686567164,0.8507462686567164,0.8723441615452151,0.01827850911982174,38
0.004095649719238282,0.0002636427257516463,0.003313493728637695,7.006414211562755e-05,gini,4,2,2,"{'criterion': 'gini', 'max_depth': 4, 'min_samples_leaf': 2, 'min_samples_split': 2}",0.8823529411764706,0.8823529411764706,0.8805970149253731,0.8805970149253731,0.835820895522388,0.8723441615452151,0.018278509119821748,38
0.004009723663330078,0.0004778568808461481,0.0034594058990478514,0.0002119683785462414,gini,5,1,5,"{'criterion': 'gini', 'max_depth': 5, 'min_samples_leaf': 1, 'min_samples_split': 5}",0.8676470588235294,0.8676470588235294,0.8805970149253731,0.8805970149253731,0.8507462686567164,0.8694468832309044,0.010998568951050756,42
0.004111337661743164,0.0002179316612077685,0.003567075729370117,0.0003184467488130297,entropy,4,2,2,"{'criterion': 'entropy', 'max_depth': 4, 'min_samples_leaf': 2, 'min_samples_split': 2}",0.8529411764705882,0.8823529411764706,0.8805970149253731,0.8805970149253731,0.8507462686567164,0.8694468832309044,0.014403947697851326,42
0.004281759262084961,0.00024018363865422276,0.003406810760498047,0.00015498648356446147,entropy,4,2,5,"{'criterion': 'entropy', 'max_depth': 4, 'min_samples_leaf': 2, 'min_samples_split': 5}",0.8529411764705882,0.8823529411764706,0.8805970149253731,0.8805970149253731,0.8507462686567164,0.8694468832309044,0.014403947697851326,42
0.004161643981933594,0.000399358461796472,0.0032264232635498048,5.6940346790902195e-05,gini,4,1,5,"{'criterion': 'gini', 'max_depth': 4, 'min_samples_leaf': 1, 'min_samples_split': 5}",0.8676470588235294,0.8823529411764706,0.8805970149253731,0.8805970149253731,0.835820895522388,0.8694029850746269,0.01760201117675112,45
0.003835248947143555,0.0001501528638748257,0.004085731506347656,0.001111034491536204,entropy,3,4,10,"{'criterion': 'entropy', 'max_depth': 3, 'min_samples_leaf': 4, 'min_samples_split': 10}",0.8676470588235294,0.8823529411764706,0.8955223880597015,0.8507462686567164,0.8507462686567164,0.8694029850746269,0.017602011176751118,45
0.003866720199584961,9.253865102877344e-05,0.003206491470336914,9.802547333816522e-05,gini,5,1,2,"{'criterion': 'gini', 'max_depth': 5, 'min_samples_leaf': 1, 'min_samples_split': 2}",0.8676470588235294,0.8676470588235294,0.8805970149253731,0.8805970149253731,0.835820895522388,0.8664618086040387,0.01637854270767862,47
0.0037238597869873047,0.0007536786968204507,0.003091239929199219,0.0005131300824073054,gini,4,1,2,"{'criterion': 'gini', 'max_depth': 4, 'min_samples_leaf': 1, 'min_samples_split': 2}",0.8676470588235294,0.8823529411764706,0.8805970149253731,0.8805970149253731,0.8208955223880597,0.8664179104477613,0.023365863272246906,48
0.0042236328125,0.00042303812928084697,0.003411865234375,0.00016822870356064093,gini,4,2,10,"{'criterion': 'gini', 'max_depth': 4, 'min_samples_leaf': 2, 'min_samples_split': 10}",0.8676470588235294,0.8823529411764706,0.8805970149253731,0.8805970149253731,0.8208955223880597,0.8664179104477613,0.023365863272246906,48
0.0039672374725341795,6.0241991926968184e-05,0.0032758235931396483,2.6586568785711956e-05,entropy,4,4,5,"{'criterion': 'entropy', 'max_depth': 4, 'min_samples_leaf': 4, 'min_samples_split': 5}",0.8823529411764706,0.8382352941176471,0.8955223880597015,0.8507462686567164,0.8507462686567164,0.8635206321334504,0.021654030984091743,50
0.007883262634277344,0.004489789572417434,0.004731416702270508,0.002128287603341892,entropy,4,4,2,"{'criterion': 'entropy', 'max_depth': 4, 'min_samples_leaf': 4, 'min_samples_split': 2}",0.8823529411764706,0.8382352941176471,0.8955223880597015,0.8507462686567164,0.8507462686567164,0.8635206321334504,0.021654030984091743,50
0.0038004398345947267,0.0002480436772869949,0.0032618045806884766,0.00010907059794233184,gini,4,1,10,"{'criterion': 'gini', 'max_depth': 4, 'min_samples_leaf': 1, 'min_samples_split': 10}",0.8529411764705882,0.8823529411764706,0.8805970149253731,0.8805970149253731,0.8208955223880597,0.8634767339771731,0.023944422273643646,52
0.0041083812713623045,0.00010191220500352592,0.003470611572265625,0.00012043432219477045,gini,5,2,5,"{'criterion': 'gini', 'max_depth': 5, 'min_samples_leaf': 2, 'min_samples_split': 5}",0.8529411764705882,0.8382352941176471,0.8805970149253731,0.8805970149253731,0.8507462686567164,0.8606233538191397,0.017062779101255934,53
0.004113292694091797,0.00010692147998476931,0.0036405086517333984,0.00033976655532658243,entropy,5,2,10,"{'criterion': 'entropy', 'max_depth': 5, 'min_samples_leaf': 2, 'min_samples_split': 10}",0.8676470588235294,0.8382352941176471,0.8805970149253731,0.8805970149253731,0.835820895522388,0.8605794556628622,0.019817185609874544,54
0.004547405242919922,0.0011431174776837718,0.003786182403564453,0.0009684998611864136,entropy,4,4,10,"{'criterion': 'entropy', 'max_depth': 4, 'min_samples_leaf': 4, 'min_samples_split': 10}",0.8676470588235294,0.8382352941176471,0.8955223880597015,0.8507462686567164,0.8507462686567164,0.8605794556628622,0.01981718560987455,54
0.004626941680908203,0.0007364393607227353,0.003314685821533203,0.0003906651030198066,gini,5,1,10,"{'criterion': 'gini', 'max_depth': 5, 'min_samples_leaf': 1, 'min_samples_split': 10}",0.8529411764705882,0.8676470588235294,0.8805970149253731,0.8805970149253731,0.8208955223880597,0.8605355575065848,0.02229127455319872,56
0.004016399383544922,9.16083484852727e-05,0.003944921493530274,0.000967205734358605,entropy,5,2,5,"{'criterion': 'entropy', 'max_depth': 5, 'min_samples_leaf': 2, 'min_samples_split': 5}",0.8529411764705882,0.8382352941176471,0.8805970149253731,0.8805970149253731,0.835820895522388,0.857638279192274,0.0196404884201378,57
0.004237747192382813,0.00018257574854591208,0.0035598278045654297,0.0002553492589542053,entropy,5,2,2,"{'criterion': 'entropy', 'max_depth': 5, 'min_samples_leaf': 2, 'min_samples_split': 2}",0.8529411764705882,0.8382352941176471,0.8805970149253731,0.8805970149253731,0.835820895522388,0.857638279192274,0.0196404884201378,57
0.004145050048828125,0.0004451705485776519,0.004036235809326172,0.0015546315762723657,gini,5,2,2,"{'criterion': 'gini', 'max_depth': 5, 'min_samples_leaf': 2, 'min_samples_split': 2}",0.8529411764705882,0.8382352941176471,0.8656716417910447,0.8805970149253731,0.8507462686567164,0.857638279192274,0.014406088116571483,57
0.004850625991821289,0.000880741272435434,0.004061651229858398,0.0008767395607797476,gini,5,2,10,"{'criterion': 'gini', 'max_depth': 5, 'min_samples_leaf': 2, 'min_samples_split': 10}",0.8676470588235294,0.8382352941176471,0.8805970149253731,0.8805970149253731,0.8208955223880597,0.8575943810359966,0.024003662782045593,60
0.004080438613891601,0.0001877333144545426,0.004095983505249023,0.0009615171688423967,entropy,5,1,2,"{'criterion': 'entropy', 'max_depth': 5, 'min_samples_leaf': 1, 'min_samples_split': 2}",0.8676470588235294,0.8235294117647058,0.8805970149253731,0.8805970149253731,0.8208955223880597,0.8546532045654083,0.026919414647264765,61
0.004256153106689453,0.00017710964548242432,0.003435230255126953,0.00014752809962509622,entropy,5,1,10,"{'criterion': 'entropy', 'max_depth': 5, 'min_samples_leaf': 1, 'min_samples_split': 10}",0.8676470588235294,0.8235294117647058,0.8805970149253731,0.8805970149253731,0.8208955223880597,0.8546532045654083,0.026919414647264765,61
0.004210090637207032,0.00018615600515183782,0.003622150421142578,0.0002451252175656458,entropy,5,1,5,"{'criterion': 'entropy', 'max_depth': 5, 'min_samples_leaf': 1, 'min_samples_split': 5}",0.8676470588235294,0.8235294117647058,0.8805970149253731,0.8805970149253731,0.8208955223880597,0.8546532045654083,0.026919414647264765,61
0.0047204017639160155,0.00127203360096826,0.0035051822662353514,0.00019434477509164334,entropy,6,2,10,"{'criterion': 'entropy', 'max_depth': 6, 'min_samples_leaf': 2, 'min_samples_split': 10}",0.8676470588235294,0.8382352941176471,0.8805970149253731,0.8805970149253731,0.8059701492537313,0.8546093064091309,0.028825616604606436,64
0.00435185432434082,0.00026722198549198993,0.003458881378173828,0.00011670141094584802,gini,4,4,5,"{'criterion': 'gini', 'max_depth': 4, 'min_samples_leaf': 4, 'min_samples_split': 5}",0.8823529411764706,0.8382352941176471,0.8805970149253731,0.8507462686567164,0.8208955223880597,0.8545654082528534,0.023936211901659628,65
0.003976583480834961,0.00023527205304400806,0.0032942771911621095,0.00019452626659214692,gini,4,4,2,"{'criterion': 'gini', 'max_depth': 4, 'min_samples_leaf': 4, 'min_samples_split': 2}",0.8823529411764706,0.8382352941176471,0.8805970149253731,0.8507462686567164,0.8208955223880597,0.8545654082528534,0.023936211901659628,65
0.005370044708251953,0.0012565219331011385,0.004029130935668946,0.0007695647344877326,entropy,5,4,5,"{'criterion': 'entropy', 'max_depth': 5, 'min_samples_leaf': 4, 'min_samples_split': 5}",0.8823529411764706,0.8382352941176471,0.8805970149253731,0.8507462686567164,0.8208955223880597,0.8545654082528534,0.023936211901659628,65
0.004070663452148437,5.627882553836039e-05,0.0036106109619140625,0.0002866668297229579,entropy,5,4,2,"{'criterion': 'entropy', 'max_depth': 5, 'min_samples_leaf': 4, 'min_samples_split': 2}",0.8823529411764706,0.8382352941176471,0.8805970149253731,0.8507462686567164,0.8208955223880597,0.8545654082528534,0.023936211901659628,65
0.004909610748291016,0.0008392066924224203,0.0035594940185546876,0.00010074076246298676,entropy,6,2,2,"{'criterion': 'entropy', 'max_depth': 6, 'min_samples_leaf': 2, 'min_samples_split': 2}",0.8529411764705882,0.8529411764705882,0.8656716417910447,0.8805970149253731,0.8059701492537313,0.8516242317822652,0.02499806324161415,69
0.004340028762817383,0.0003703069477817864,0.0035128116607666014,0.00011524133120140983,gini,5,4,5,"{'criterion': 'gini', 'max_depth': 5, 'min_samples_leaf': 4, 'min_samples_split': 5}",0.8676470588235294,0.8382352941176471,0.8805970149253731,0.8507462686567164,0.8208955223880597,0.8516242317822652,0.021073401251445915,69
0.004761028289794922,0.0006766943670904107,0.004223442077636719,0.0008718736917767072,gini,5,4,2,"{'criterion': 'gini', 'max_depth': 5, 'min_samples_leaf': 4, 'min_samples_split': 2}",0.8676470588235294,0.8382352941176471,0.8805970149253731,0.8507462686567164,0.8208955223880597,0.8516242317822652,0.021073401251445915,69
0.004066085815429688,0.0002279219067884467,0.0033579349517822267,0.00014615338153255918,gini,4,4,10,"{'criterion': 'gini', 'max_depth': 4, 'min_samples_leaf': 4, 'min_samples_split': 10}",0.8676470588235294,0.8382352941176471,0.8805970149253731,0.8507462686567164,0.8208955223880597,0.8516242317822652,0.021073401251445915,69
0.004301786422729492,0.0006008082533280792,0.0034272193908691405,6.308438465071789e-05,entropy,5,4,10,"{'criterion': 'entropy', 'max_depth': 5, 'min_samples_leaf': 4, 'min_samples_split': 10}",0.8676470588235294,0.8382352941176471,0.8805970149253731,0.8507462686567164,0.8208955223880597,0.8516242317822652,0.021073401251445915,69
0.004590177536010742,0.00046029991641784987,0.003550100326538086,3.442995428214084e-05,entropy,6,1,2,"{'criterion': 'entropy', 'max_depth': 6, 'min_samples_leaf': 1, 'min_samples_split': 2}",0.8823529411764706,0.8382352941176471,0.8656716417910447,0.8805970149253731,0.7910447761194029,0.8515803336259877,0.034147122681130675,74
0.0045471668243408205,0.0007593920670766215,0.0040552616119384766,0.0008648618363564208,gini,5,4,10,"{'criterion': 'gini', 'max_depth': 5, 'min_samples_leaf': 4, 'min_samples_split': 10}",0.8529411764705882,0.8382352941176471,0.8805970149253731,0.8507462686567164,0.8208955223880597,0.848683055311677,0.019607100567316595,75
0.004477930068969726,0.0004241082917654002,0.0037318706512451173,0.0004848333719712785,entropy,6,1,10,"{'criterion': 'entropy', 'max_depth': 6, 'min_samples_leaf': 1, 'min_samples_split': 10}",0.8676470588235294,0.8235294117647058,0.8805970149253731,0.8805970149253731,0.7910447761194029,0.848683055311677,0.03564130210186329,75
0.0054351806640625,0.0016188565999920434,0.0036129474639892576,0.0005910734891730102,entropy,6,2,5,"{'criterion': 'entropy', 'max_depth': 6, 'min_samples_leaf': 2, 'min_samples_split': 5}",0.8529411764705882,0.8382352941176471,0.8656716417910447,0.8805970149253731,0.8059701492537313,0.848683055311677,0.02552956146304875,75
0.004384374618530274,0.0005762295939036219,0.004900360107421875,0.0031442695348045057,entropy,6,1,5,"{'criterion': 'entropy', 'max_depth': 6, 'min_samples_leaf': 1, 'min_samples_split': 5}",0.8823529411764706,0.8235294117647058,0.8656716417910447,0.8805970149253731,0.7910447761194029,0.8486391571553995,0.03576490313039811,78
0.004703712463378906,0.0006336268317658686,0.0037559032440185546,0.0005035915267153386,entropy,,1,10,"{'criterion': 'entropy', 'max_depth': None, 'min_samples_leaf': 1, 'min_samples_split': 10}",0.8676470588235294,0.8529411764705882,0.8656716417910447,0.8656716417910447,0.7611940298507462,0.8426251097453907,0.041050761795168624,79
0.004017972946166992,0.00011005011126831809,0.0034729480743408204,8.501761823931219e-05,gini,6,1,5,"{'criterion': 'gini', 'max_depth': 6, 'min_samples_leaf': 1, 'min_samples_split': 5}",0.8676470588235294,0.8235294117647058,0.8805970149253731,0.835820895522388,0.7910447761194029,0.8397278314310798,0.03192950434956331,80
0.004558181762695313,0.000571862388646892,0.003802585601806641,0.00036589239218747606,gini,6,2,2,"{'criterion': 'gini', 'max_depth': 6, 'min_samples_leaf': 2, 'min_samples_split': 2}",0.8529411764705882,0.8529411764705882,0.8805970149253731,0.835820895522388,0.7761194029850746,0.8396839332748023,0.034873376137337146,81
0.006963872909545898,0.004337237127541626,0.004773235321044922,0.0013367715912168455,gini,6,1,2,"{'criterion': 'gini', 'max_depth': 6, 'min_samples_leaf': 1, 'min_samples_split': 2}",0.8676470588235294,0.8235294117647058,0.8805970149253731,0.835820895522388,0.7761194029850746,0.8367427568042143,0.036684888393710285,82
0.006500816345214844,0.0034786266367560956,0.004832410812377929,0.0024318018211968288,gini,6,2,5,"{'criterion': 'gini', 'max_depth': 6, 'min_samples_leaf': 2, 'min_samples_split': 5}",0.8529411764705882,0.8382352941176471,0.8805970149253731,0.835820895522388,0.7761194029850746,0.8367427568042143,0.034245739236234064,82
0.004031705856323242,0.00018812717987759175,0.0037167549133300783,0.0006258329098826238,gini,6,2,10,"{'criterion': 'gini', 'max_depth': 6, 'min_samples_leaf': 2, 'min_samples_split': 10}",0.8676470588235294,0.8382352941176471,0.8805970149253731,0.835820895522388,0.7611940298507462,0.8366988586479369,0.04144622984919675,84
0.0042267322540283205,0.00028268656213189684,0.003417205810546875,0.00015108165288162833,gini,6,1,10,"{'criterion': 'gini', 'max_depth': 6, 'min_samples_leaf': 1, 'min_samples_split': 10}",0.8529411764705882,0.8235294117647058,0.8805970149253731,0.835820895522388,0.7611940298507462,0.8308165057067602,0.03973168749081902,85
0.004651880264282227,0.0002460059510799858,0.004601955413818359,0.001746062516363831,entropy,6,4,10,"{'criterion': 'entropy', 'max_depth': 6, 'min_samples_leaf': 4, 'min_samples_split': 10}",0.7352941176470589,0.8382352941176471,0.8955223880597015,0.8507462686567164,0.8208955223880597,0.8281387181738367,0.052585520600409275,86
0.004854774475097657,0.0018598409447133965,0.0030832290649414062,0.0005064567124056497,entropy,6,4,5,"{'criterion': 'entropy', 'max_depth': 6, 'min_samples_leaf': 4, 'min_samples_split': 5}",0.75,0.8382352941176471,0.8955223880597015,0.8507462686567164,0.7910447761194029,0.8251097453906937,0.05017837698908794,87
0.004819059371948242,0.0006814589018077387,0.003792476654052734,0.0004016306681436684,entropy,6,4,2,"{'criterion': 'entropy', 'max_depth': 6, 'min_samples_leaf': 4, 'min_samples_split': 2}",0.75,0.8382352941176471,0.8955223880597015,0.8507462686567164,0.7910447761194029,0.8251097453906937,0.05017837698908794,87
0.004235219955444336,6.779232633450002e-05,0.003516530990600586,0.00024605446999128043,gini,,1,10,"{'criterion': 'gini', 'max_depth': None, 'min_samples_leaf': 1, 'min_samples_split': 10}",0.8382352941176471,0.8529411764705882,0.8507462686567164,0.8208955223880597,0.7611940298507462,0.8248024582967515,0.03378344610076586,89
0.004521656036376953,0.00020085733907917991,0.003439044952392578,0.0001272727951765002,entropy,,2,10,"{'criterion': 'entropy', 'max_depth': None, 'min_samples_leaf': 2, 'min_samples_split': 10}",0.7794117647058824,0.8235294117647058,0.8656716417910447,0.8805970149253731,0.7611940298507462,0.8220807726075504,0.04659238720096698,90
0.004404592514038086,0.0006530035037817951,0.0034273624420166015,7.39638223116696e-05,gini,,1,5,"{'criterion': 'gini', 'max_depth': None, 'min_samples_leaf': 1, 'min_samples_split': 5}",0.8235294117647058,0.8088235294117647,0.8208955223880597,0.8208955223880597,0.835820895522388,0.8219929762949956,0.008595523549823014,91
0.004290390014648438,0.0008556756032172677,0.0033251762390136717,0.0006644275449500435,entropy,,4,10,"{'criterion': 'entropy', 'max_depth': None, 'min_samples_leaf': 4, 'min_samples_split': 10}",0.7941176470588235,0.8235294117647058,0.8656716417910447,0.7910447761194029,0.8208955223880597,0.8190517998244073,0.02684385716518407,92
0.004477787017822266,0.0002822029060827301,0.0034167289733886717,0.0001336103673481922,gini,,4,5,"{'criterion': 'gini', 'max_depth': None, 'min_samples_leaf': 4, 'min_samples_split': 5}",0.7941176470588235,0.8235294117647058,0.8656716417910447,0.835820895522388,0.7761194029850746,0.8190517998244072,0.03143107989464441,93
0.004122161865234375,0.00018278733820139406,0.0033162593841552734,5.121031283098822e-05,gini,,4,2,"{'criterion': 'gini', 'max_depth': None, 'min_samples_leaf': 4, 'min_samples_split': 2}",0.7941176470588235,0.8235294117647058,0.8656716417910447,0.835820895522388,0.7761194029850746,0.8190517998244072,0.03143107989464441,93
0.008758640289306641,0.008269516837868264,0.00486602783203125,0.0028551796472994512,gini,,4,10,"{'criterion': 'gini', 'max_depth': None, 'min_samples_leaf': 4, 'min_samples_split': 10}",0.7794117647058824,0.8235294117647058,0.8507462686567164,0.835820895522388,0.7761194029850746,0.8131255487269534,0.030148670803190055,95
0.0038083076477050783,0.0008195768185372245,0.002957582473754883,0.0006826675109221144,entropy,,4,5,"{'criterion': 'entropy', 'max_depth': None, 'min_samples_leaf': 4, 'min_samples_split': 5}",0.8088235294117647,0.8088235294117647,0.8656716417910447,0.7910447761194029,0.7910447761194029,0.8130816505706759,0.027470777343674632,96
0.004551601409912109,0.00017077218335032296,0.0038137912750244142,0.000632717458649305,entropy,,4,2,"{'criterion': 'entropy', 'max_depth': None, 'min_samples_leaf': 4, 'min_samples_split': 2}",0.8088235294117647,0.8088235294117647,0.8656716417910447,0.7910447761194029,0.7910447761194029,0.8130816505706759,0.027470777343674632,96
0.0042762279510498045,0.00021373192532960804,0.003488445281982422,0.00022190198017681188,gini,,1,2,"{'criterion': 'gini', 'max_depth': None, 'min_samples_leaf': 1, 'min_samples_split': 2}",0.8382352941176471,0.8088235294117647,0.8208955223880597,0.8059701492537313,0.7910447761194029,0.8129938542581211,0.015799067807121644,98
0.0039329051971435545,0.0003920738085571874,0.0032059192657470704,0.00034727145715782317,gini,6,4,5,"{'criterion': 'gini', 'max_depth': 6, 'min_samples_leaf': 4, 'min_samples_split': 5}",0.7352941176470589,0.8235294117647058,0.8656716417910447,0.8507462686567164,0.7761194029850746,0.81027216856892,0.04831382498917754,99
0.007270717620849609,0.006941193824002467,0.004045963287353516,0.0012314925266597413,gini,6,4,2,"{'criterion': 'gini', 'max_depth': 6, 'min_samples_leaf': 4, 'min_samples_split': 2}",0.7352941176470589,0.8235294117647058,0.8656716417910447,0.8507462686567164,0.7761194029850746,0.81027216856892,0.04831382498917754,99
0.006641674041748047,0.00490128309674338,0.004237461090087891,0.000889362857211953,gini,,2,10,"{'criterion': 'gini', 'max_depth': None, 'min_samples_leaf': 2, 'min_samples_split': 10}",0.75,0.8235294117647058,0.8955223880597015,0.8208955223880597,0.7611940298507462,0.8102282704126427,0.05214901424868021,101
0.0040820598602294925,0.0002679822962478585,0.003174877166748047,0.0003791246034181533,gini,6,4,10,"{'criterion': 'gini', 'max_depth': 6, 'min_samples_leaf': 4, 'min_samples_split': 10}",0.7205882352941176,0.8235294117647058,0.8656716417910447,0.8507462686567164,0.7761194029850746,0.8073309920983318,0.053008255202122385,102
0.0035329818725585937,0.0008111907234345635,0.0025159835815429686,0.0007241780945924335,entropy,,1,5,"{'criterion': 'entropy', 'max_depth': None, 'min_samples_leaf': 1, 'min_samples_split': 5}",0.7941176470588235,0.7647058823529411,0.8059701492537313,0.8656716417910447,0.7761194029850746,0.801316944688323,0.03518606323952957,103
0.004927301406860351,0.00012695807022655508,0.0043109416961669925,0.0010950424985361996,entropy,,1,2,"{'criterion': 'entropy', 'max_depth': None, 'min_samples_leaf': 1, 'min_samples_split': 2}",0.7941176470588235,0.7941176470588235,0.8059701492537313,0.8507462686567164,0.7611940298507462,0.8012291483757682,0.028908060839555154,104
0.004433917999267578,0.00017409790244938221,0.0035031795501708984,0.00030885728125661045,gini,,2,5,"{'criterion': 'gini', 'max_depth': None, 'min_samples_leaf': 2, 'min_samples_split': 5}",0.7205882352941176,0.7647058823529411,0.835820895522388,0.8208955223880597,0.8208955223880597,0.7925812115891132,0.04343522366587968,105
0.003569364547729492,0.0008067792324647794,0.0023030757904052733,0.00032447815277759755,entropy,,2,5,"{'criterion': 'entropy', 'max_depth': None, 'min_samples_leaf': 2, 'min_samples_split': 5}",0.7205882352941176,0.75,0.8208955223880597,0.8805970149253731,0.7761194029850746,0.7896400351185251,0.05616470172005801,106
0.004155302047729492,0.00011639756190252066,0.003390789031982422,0.00010668659994071477,gini,,2,2,"{'criterion': 'gini', 'max_depth': None, 'min_samples_leaf': 2, 'min_samples_split': 2}",0.6764705882352942,0.7647058823529411,0.835820895522388,0.8059701492537313,0.7910447761194029,0.7748024582967515,0.054276302462259216,107
0.005156803131103516,0.0010174242989861157,0.003916406631469726,0.00024854464373192764,entropy,,2,2,"{'criterion': 'entropy', 'max_depth': None, 'min_samples_leaf': 2, 'min_samples_split': 2}",0.6470588235294118,0.75,0.8059701492537313,0.8805970149253731,0.7611940298507462,0.7689640035118526,0.0763049970661994,108
